Day,Temperature,MC(%),pH,C/N Ratio,Ammonia(mg/kg),Nitrate(mg/kg),TN(%),TOC(%),EC(ms/cm),OM(%),T Value,GI(%),Score
0,35.463,60,5.7345,26.7755,2515,325.49,1.80632,48.36512116,1.7846,83.38146888,1,32.8821,28.04209542
3,41.866,56.8814,7.1327,23.0494,3449.1,302.42,1.92498,44.36963401,2.4366,76.49324904,0.8608392,39.4615,36.18532839
6,59.134,53.0847,7.9646,20.4697,5197.6,243.4,1.83675,37.59772148,3.0118,64.81847182,0.76449366,30.5469,37.07403652
9,53.119,49.4237,8.177,18.75,1940.1,203.99,1.7855,33.478125,3.1566,57.7162875,0.700267035,63.1219,51.24693288
12,38.955,45.2203,8.0177,17.0303,814.4,200.52,1.91893,32.67995358,3.5596,56.34023997,0.63604041,79.4691,59.69828181
15,37.403,41.2881,7.5044,16.242,263.5,309.81,2.12992,34.59416064,4.0488,59.64033294,0.606599317,87.21,63.65957139
20,28.478,32.4746,7.4159,15.5255,167.7,420.59,2.24149,34.800253,3.7828,59.99563616,0.579839779,94.5193,67.3564732
25,26.925,25.9661,7.3451,14.9522,167.7,497.05,2.24961,33.63661864,3.5742,57.98953054,0.558428414,95.4555,68.58256116
0,35.269,57.8305,6.1593,28.2086,2515,302.62,1.72506,48.66152752,1.9569,83.89247344,1,33.3853,28.21951211
3,46.91,54.3051,7.4159,23.6226,3880.2,312.23,1.79568,42.41863037,2.7332,73.12971875,0.837425466,32.8398,34.83046892
6,62.435,50.1017,8.0885,18.6067,6299.4,222.16,1.95867,36.44438509,2.8492,62.83011989,0.659610899,32.0851,42.00541921
9,53.896,44.678,8.3186,17.0303,2802.4,189.28,1.92958,32.86132627,3.3479,56.6529265,0.603727232,64.3224,55.71012098
12,37.015,42.1017,8.3186,15.5255,1173.7,246.27,2.09253,32.48757452,4.0476,56.00857846,0.550381798,82.8707,64.48217964
15,30.806,40.2034,7.8584,14.5223,766.5,365.37,2.2075,32.05797725,4.2402,55.26795278,0.514818176,85.9631,67.06072613
20,30.03,33.6949,7.8053,13.949,215.6,432.02,2.36707,33.01825943,4.0029,56.92347926,0.494494587,94.1411,70.79458514
25,27.119,27.5932,7.646,13.3758,263.5,541.18,2.32719,31.128028,3.7272,53.66472028,0.474174543,94.2222,71.67351589
0,34.104,57.9661,5.9292,26.9188,2203.6,322.22,1.77677,47.82851628,1.9952,82.45636206,1,35.2207,28.86663176
3,45.94,53.2203,7.2389,22.6194,3664.7,289.34,1.9656,44.46069264,2.8193,76.65023411,0.840282628,40.424,37.38491846
6,60.687,48.339,7.9646,19.3232,6682.6,267.91,1.88109,36.34867829,3.0693,62.66512137,0.71783289,55.028,47.65812903
9,52.149,43.5932,8.2301,17.8185,2634.7,246.47,1.74854,31.15635999,3.3671,53.71356462,0.661935153,72.7975,56.26240751
12,33.91,40.8814,8.2478,15.1672,1556.9,213.59,2.01867,30.61757162,3.7893,52.78469348,0.56344265,88.3518,65.86812895
15,32.164,38.7119,7.8761,14.379,526.9,334.31,2.25182,32.37891978,4.1445,55.8212577,0.534161998,90.2884,67.77624238
20,31.194,30.3051,7.8407,13.8057,239.5,430.4,2.32275,32.06718968,4.0985,55.283835,0.512864615,95.0149,70.33393276
25,26.149,26.6441,7.6814,12.8025,263.5,488.89,2.35305,30.12492263,3.8708,51.93536661,0.475596981,92.5264,71.01609094
0,32.164,57.4237,5.2389,26.8471,2395.2,335.3,1.76569,47.403656,2.4163,81.72390294,1,37.1074,29.5318386
3,42.642,54.8475,6.8319,23.2643,4263.5,299.16,1.86218,43.32231417,3.2308,74.68766964,0.86654797,38.3426,35.55193412
6,62.045,52.1356,7.646,19.4666,7401.2,233.59,1.89956,36.9779747,3.5095,63.75002838,0.725091351,38.1081,41.38881694
9,52.925,47.5254,8.0354,16.242,3281.4,212.15,1.8557,30.1402794,3.7881,51.96184169,0.604981544,66.9373,56.57958491
12,36.045,45.3559,7.8938,14.5223,2155.7,220.13,2.11469,30.71016259,4.306,52.9443203,0.540926208,72.5405,61.23567963
15,32.164,43.0508,7.6991,14.0207,1413.2,308.18,2.33309,32.71155496,4.6325,56.39472076,0.522242626,84.3982,66.19828617
20,28.672,31.5254,7.5221,13.1608,958.1,399.34,2.44465,32.17354972,4.5388,55.46719972,0.490213096,92.7374,70.47884132
25,28.672,25.2881,7.4867,12.6592,694.6,487.25,2.40846,30.48917683,4.3302,52.56334086,0.471529513,90.0993,70.33056362
0,28.207,75.06,4.2814,20.9961,1174.3307,423.4865,1.523330523,31.984,1.8654,85.53,1,32.8821,28.04209542
3,40.095,75.06,7.7641,18,3052.7105,476.162,1.437888889,25.882,2.2212,80.53,0.85730207,39.4615,36.33334733
6,23.881,77.771,8.1862,17.5554,921.6814,653.1363,1.146086105,20.12,2.5481,75.076,0.836126709,30.5469,34.07639467
9,18.262,76.687,8.3421,17,959.8679,532.2974,1.178235294,20.03,2.7788,72.803,0.809674178,63.1219,46.66855134
12,19.195,79.217,8.2317,16.2604,957.8126,624.9962,0.933187375,15.174,2.7115,70.758,0.774448588,79.4691,53.90628841
15,23.214,79.036,8.1784,16,884.9223,562.2239,0.850625,13.61,3.2404,70,0.762046285,87.21,57.15455249
18,28.548,76.506,8.1633,15.272,1261.2857,685.1596,1.085777894,16.582,3.5962,69.091,0.727373179,94.5193,61.1826149
24,20.525,77.229,8.5323,14.8965,510.3792,717.9497,0.849729802,12.658,3.6635,69.091,0.709488905,95.4555,62.261104
30,18.809,74.337,8.5018,14.7126,468.0153,786.1706,0.832619659,12.25,3.1154,68.106,0.700730136,97.99,63.52124006
0,33.326,59.699,5.0608,17.7629,1757.4671,570.7682,2.049665314,36.408,2.4519,78.485,1,33.3853,28.21951211
3,49.143,58.434,8.0304,16,4050.8389,345.5596,2.447,39.152,2.8846,71.818,0.900753818,32.8398,32.18035529
6,40.192,53.554,8.9849,14.5737,5343.5666,487.9349,1.917563831,27.946,3.7885,68.712,0.820457245,32.0851,35.2744515
9,21.001,52.289,8.9505,14,882.6709,609.0691,1.795285714,25.134,4.0481,67.727,0.788159591,64.3224,47.99214491
12,22.047,51.205,8.8401,13.3348,841.7777,716.9718,1.784353721,23.794,4.3173,66.591,0.750710751,82.8707,56.09897578
15,27.977,48.494,8.977,13,1059.6616,727.1638,1.552923077,20.188,4.5865,64.697,0.731862477,85.9631,57.97803189
18,29.977,43.253,8.9238,12.6692,1050.7842,553.6052,1.86389038,23.614,4.9423,62.652,0.713239392,94.1411,61.64072958
24,23.024,42.53,9.2546,12.157,945.2895,2076.4053,1.750102821,21.276,5.0288,61.591,0.684404011,94.2222,62.87600327
30,22.024,38.373,9.3195,12.0268,901.1905,2082.5363,1.829580603,22.004,5.1154,61.136,0.677074126,96.13,63.85538454
0,32.374,60.422,5.2507,26.9789,1628.0086,290.8334,1.214949461,32.778,1.5192,89.242,1,35.2207,28.86663176
3,52.12,57.349,7.4598,24,1353.7675,195.5715,1.7825,42.78,1.8269,86.515,0.889584082,40.424,35.32179109
6,44.953,56.988,8.3764,23.637,809.3781,297.2497,1.297457376,30.668,2.25,84.091,0.876129123,55.028,41.03387639
9,33.739,54.458,8.6651,22,1902.6988,379.9352,1.065090909,23.432,2,82.727,0.815452076,72.7975,49.8381556
12,23.954,52.651,8.441,21.671,849.289,591.2938,0.946241521,20.506,2.1635,81.742,0.80325736,88.3518,55.83255706
15,35,49.217,8.2926,20,1962.1508,717.4002,0.8846,17.692,2.3077,80.227,0.741320069,90.2884,59.10725913
18,37,47.771,8.4105,20.394,2091.1665,670.0596,0.712954791,14.54,2.5865,78.561,0.755924074,95.0149,60.16257726
24,24.93,46.867,8.7414,19.0404,836.7061,679.4438,0.80775614,15.38,2.3942,76.515,0.705751532,92.5264,61.38476958
30,20.596,42.349,8.768,18.5281,575.6043,719.1375,0.777413766,14.404,2.2981,74.773,0.686762618,95.22,63.1291034
0,35.588,58.976,5.0227,25.2963,2003.8321,288.6134,1.506465372,38.108,2.0288,87.576,1,37.1074,29.5318386
3,54.739,56.265,7.555,23,1808.0481,237.9469,2.022782609,46.524,2.9135,81.894,0.909223879,38.3426,33.76606723
6,50.19,50.12,8.3193,19.4682,4551.6514,604.1393,2.309407136,44.96,3.3269,77.424,0.769606622,38.1081,39.52597788
9,33.262,43.976,8.3992,17,1674.6551,482.9906,2.932823529,49.858,3.4519,74.848,0.672035041,66.9373,53.77358444
12,24.666,42.53,8.2126,15.5526,798.2224,797.8202,3.010300529,46.818,4.0577,74.242,0.614817187,72.5405,58.14354977
15,26.072,39.819,8.0075,15,702.1051,761.7452,2.895866667,43.438,3.9327,72.879,0.592972095,84.3982,63.23845661
18,34.024,35.301,7.7452,14.1224,1397.8563,678.5128,2.651815555,37.45,4.4231,71.439,0.558279274,92.7374,67.63046298
24,21.119,26.988,7.5816,13.3044,797.774,985.1364,2.289768798,30.464,4.1442,69.091,0.525942529,90.0993,68.05353178
30,20.118,21.566,7.5132,12.9448,505.4937,1147.5471,2.102774859,27.22,3.9327,67.576,0.511727011,94.2,70.09422336
0,31.4,74.62,5.79,30.21986971,339,280.3,1.662,40.811,4.88,86.58863004,1,22.47,24.37102947
5,66.4,69.52,5.98,24.55535499,1044,416.9,1.228,37.11,4.35,51.9854545,0.812556613,51.19,42.34101718
12,40.9,38.51,6.62,17.11312922,916,679.2,1.927,32.977,4.25,56.85234801,0.566287326,80.83,63.0970743
20,32.5,32.68,6.85,14.25208333,403,663.8,2.4,34.205,5.54,58.96941999,0.471612997,99.58,73.66974588
25,37.1,35.35,6.65,12.00188324,675,544.8,2.655,31.865,3.88,54.93526,0.397152051,76.97,68.81396356
30,33.4,20.85,7.09,12.41470811,589,643.9,2.638,32.75,3.25,56.46099999,0.410812761,80.03,69.32118655
0,27.6,75.13,6.05,25.2318314,951,323.5,1.376,34.719,7.58,59.85555601,1,13.45,21.19078583
5,67.9,59.39,6.43,23.80758017,1181,432.4,1.372,32.664,4.25,56.31273599,0.943553395,77.93,46.28707623
12,59.7,43.55,6.55,23.95486381,480,506.7,1.285,30.782,3.86,53.06816799,0.94939061,95.87,52.36803476
20,60.6,33.13,6.63,18.08913309,1531,597.7,1.638,29.63,5.16,51.08212,0.716917167,96.19,62.20921984
25,43.8,25.06,6.73,14.41848739,271,553.7,1.785,25.737,4.33,44.37058798,0.571440383,86.12,64.74656518
30,32.2,20.04,7.39,10.82771896,156,434.8,2.078,22.5,3.45,38.79,0.429129332,87.3,71.11792356
0,16.6,70.39,6.28,21.21418827,955,203.6,2.199,46.65,4.98,80.42460001,1,28.93,26.64867625
5,54.8,67.7,6.23,21.71811361,1149,856.1,1.866,40.526,7.04,69.86682399,1.023754166,64.64,38.24515228
12,31.6,29.1,6.65,18.34453782,734,649.2,2.023,37.111,7.26,63.97936402,0.86472966,85.65,52.30752173
20,67.2,20.48,7.05,13.51791667,1470,898.7,2.4,32.443,11.14,55.93173201,0.63721112,93.18,64.48343751
25,45.8,22.61,6.99,11.53861004,969,386.4,2.59,29.885,7.21,51.52174001,0.543910042,98.27,70.18244192
30,34.5,15.37,7.01,11.25695029,708,748.5,2.374,26.724,4.52,46.07217598,0.530633091,87.01,66.76802914
0,25,75.23,5.88,25.8912037,1081,179.7,1.728,44.74,8.25,77.13175999,1,47.81,33.30532813
5,66.6,62.02,6.59,25.46775337,1141,543.1,1.411,35.935,7.25,61.95194001,0.983645012,54.78,36.44719944
12,66.7,70.59,6.98,17.27897436,1041,339.1,1.95,33.694,6.13,58.088456,0.667368523,89.68,61.98741579
20,50.7,32.01,7.34,18.34668893,554,916.9,1.797,32.969,7.81,56.83855601,0.708607029,114.36,68.96329806
25,34,17.33,7.7,17.516,586,827.9,1.75,30.653,5.15,52.845772,0.676523201,97.02,64.19223267
30,30.3,15.11,7.7,15.4245614,589,778.7,1.71,26.376,4.91,45.47222399,0.595745241,90.54,65.28786502
0,26.6,79.04,5.74,23.70598007,1441,277.8,1.806,42.813,9.78,73.80961201,1,26.74,25.87653284
5,68.8,67.62,6,15.29070195,1084,346.6,2.721,41.606,3.13,71.72874401,0.645014545,50.11,48.97139899
12,63.4,29.79,6.9,12.69032474,1466,206.2,2.987,37.906,8.64,65.349944,0.535321666,97.53,70.28093444
20,57.6,34.46,7.12,11.02385621,262,530.4,3.06,33.733,7.5,58.155692,0.465024276,105.32,75.96925678
25,59.7,32.01,7.19,10.36305732,196,354.7,2.983,30.913,6,53.29401198,0.437149499,87.96,71.01500286
30,34.4,17.33,7.37,11.47151767,248,534.8,2.405,27.589,3.89,47.56343599,0.48390818,117.98,79.642642
0,18.9,73.28,6.22,25.68904404,442,175.4,1.862,47.833,6.99,82.464092,1,42.37,31.38730979
5,56.8,66.51,6.81,19.04601619,822,388.7,2.347,44.701,5.96,77.064524,0.741406187,42.14,42.12764168
12,67.2,45.79,5.98,16.12850752,561,593.2,2.459,39.66,6.13,68.37383999,0.627836034,77.45,59.32972389
20,63.6,21.72,6.25,13.96369889,257,624.3,2.617,36.543,6.26,63.00013199,0.543566311,84.83,65.45819258
25,50.4,29.17,6.14,15.8906628,114,575.7,2.067,32.846,5.01,56.62650401,0.618577428,82.83,61.61403424
30,33.7,19,6.47,14.32645875,95,586.8,1.988,28.481,4.31,49.10124399,0.5576875,88.47,66.15064039
0,30.7,71.02,5.89,23.34650456,520,274.5,1.974,46.086,5.63,79.452264,1,67.54,40.26167038
5,66.4,64.53,6.11,20.34264107,458,343.6,1.719,34.969,5.25,60.286556,0.871335622,71.59,47.07384958
12,53.3,53.82,7.11,17.4041708,812,575.1,2.014,35.052,6.19,60.42964798,0.745472229,96.23,61.02837379
20,47.1,29.38,7.61,20.3970399,197,853.6,1.554,31.697,6.11,54.64562801,0.873665685,110.22,60.59638866
25,37.5,23.14,7.14,15.3054371,686,753.6,1.876,28.713,6.54,49.501212,0.655577243,86.95,61.51831276
30,34.2,18.15,7.33,15.30292599,598,702.4,1.743,26.673,4,45.984252,0.655469685,87.93,61.86833914
0,22.4,63.13,5.95,23.22417154,588,322.3,2.052,47.656,8.12,82.158944,1,17.11,22.48121728
5,64.8,58.1,6.17,19.7104,952,379.9,1.875,36.957,5.88,63.713868,0.848701964,54.55,42.01309419
12,58.7,59.27,7.17,14.67739092,448,332.5,2.269,33.303,5.23,57.414372,0.631987707,86.75,62.4349532
20,60.1,22.46,7.42,12.6888361,163,441.5,2.526,32.052,6.22,55.25764798,0.546363347,90.54,67.35435855
25,35.8,11.01,7.13,14.83923445,116,332.5,2.09,31.014,7.25,53.468136,0.638956461,144.17,82.38829607
30,28.1,11.89,7.25,11.40986133,128,344.9,2.596,29.62,4.25,51.06488002,0.491292501,106.06,75.13091223
0,28.8,73.14,5.38,26.21551724,633,253.4,1.74,45.615,7.22,78.64026,1,21.04,23.8668445
5,62.2,68.86,5.98,24.82639334,583,381.5,1.561,38.754,6.41,66.81189601,0.947011387,58.19,39.18250095
12,58.6,49.21,6.98,17.35637047,555,224.4,2.127,36.917,7.65,63.64490798,0.662064773,77.64,57.96433692
20,43.7,21.6,7.22,18.07202073,200,763.8,1.93,34.879,6.56,60.13139602,0.6893635,96.09,63.32700569
25,37.3,21.39,7.45,13.656,617,762.1,2.5,34.14,6.36,58.85736,0.520912858,82.94,65.7398056
30,33.2,14.95,7.51,13.45378151,258,732.8,2.38,32.02,4.74,55.20247999,0.513199163,85.51,66.96872468
0,22.4,73.3,5.71,22.3655914,522,196,2.139,47.84,5.56,82.47616001,1,46.18,32.73062778
5,68.2,63.59,6.87,16.01105912,876,387.2,2.351,37.642,7.64,64.89480798,0.715879086,78.12,55.88159604
12,53.3,61.49,7.87,13.99878395,213,612.6,2.467,34.535,6.89,59.53834001,0.625907167,95.45,65.75682576
20,50.7,30.4,7.88,14.50699774,692,799.9,2.215,32.133,7.34,55.39729199,0.648630187,99.98,66.40310455
25,32.1,20.04,7.72,13.22103093,844,953.3,2.425,32.061,6,55.27316401,0.591132633,99.12,68.50599954
30,32.1,24.23,7.24,13.58205374,150,717.8,2.084,28.305,4.72,48.79781999,0.607274518,113.12,72.7665836
1,25.505,60.575,7.0598,29.258,561.7,347.4142,0.29721,8.69577018,0.73896,83.892,1,44.9645,32.30207056
4,55.825,58.852,7.3663,30.215,2385.7,325.4938,0.31581,9.54219915,0.81221,81.873,1.032709003,46.8464,31.59680516
7,57.904,56.935,8.6766,21.602,3976.1,476.8103,0.3493,7.5455786,1.02035,81.579,0.738327979,36.7017,40.33903709
10,46.805,53.834,8.3292,20.918,2041.3,464.2251,0.31085,6.5023603,1.17268,79.089,0.714949757,52.0023,46.7119881
13,38.445,43.055,8.1454,17.637,1950.9,774.4561,0.31829,5.61368073,1.31569,73.462,0.602809488,66.4303,56.49172284
16,28.03,40.94,7.5881,11.621,1953.8,1069.5184,0.29597,3.43946737,1.31915,68.775,0.397190512,83.7669,71.20878401
19,23.606,37.839,7.0074,7.793,1840,327.4587,0.28729,2.23885097,1.34595,67.54,0.266354501,88.0149,78.18165016
22,20.379,37.299,6.9402,6.562,1095.8,235.1989,0.27612,1.81189944,1.32614,57.05,0.224280539,87.2319,79.66625958
1,23.451,60.772,7.0365,29.805,701.8,352.9873,0.30589,9.11705145,0.79478,85.618,1,48.2472,33.45947475
4,57.707,60.034,7.6697,29.121,2035.5,351.5306,0.33194,9.66642474,0.91452,83.756,0.97705083,42.6227,32.43676425
7,58.246,55.753,8.6999,23.105,4653.2,399.9634,0.36667,8.47191035,1.06221,80.638,0.775205502,38.6584,39.48570355
10,44.237,51.864,8.0957,20.098,3582.2,684.2351,0.34062,6.84578076,1.20987,75.01,0.67431639,46.9946,46.64678103
13,31.22,45.616,7.7719,18.047,1624,811.8354,0.33566,6.05765602,1.35288,71.736,0.605502432,72.076,58.36957409
16,25.463,41.923,7.4013,16.543,1510.2,839.3314,0.30465,5.03982495,1.38428,66.892,0.5550411,84.0724,64.7108926
19,21.552,36.855,7.1941,11.621,1302.9,632.1981,0.26744,3.10792024,1.36915,62.99,0.389901023,89.7756,73.63235746
22,20.037,35.331,7.1036,8.75,1399.3,249.3063,0.21907,1.9168625,1.38662,57.677,0.293574904,88.4115,77.1823848
1,23.452,60.181,7.2933,29.531,725.2,353.9346,0.30961,9.14309291,0.69244,85.304,1,48.6498,33.60142221
4,57.878,62.4,7.9733,33.086,1405.2,411.5254,0.36047,11.92651042,0.85408,84.697,1.120381971,33.0938,23.07908864
7,60.128,59.494,8.7933,23.926,4116.3,369.1504,0.34434,8.23867884,1.15055,79.697,0.810199451,38.5183,37.97190907
10,47.318,55.41,8.6328,21.328,2788.4,412.3033,0.35426,7.55565728,1.21916,73.912,0.722224103,47.1112,44.68308827
13,32.112,51.521,7.9587,18.73,1997.6,800.5075,0.29101,5.4506173,1.28778,74.716,0.634248756,54.701,51.04059758
16,26.49,43.892,7.5414,15.586,1323.5,989.9212,0.28481,4.43904866,1.32847,69.873,0.527784362,79.4569,64.22419184
19,19.498,39.808,7.3108,12.578,999.6,952.6446,0.27364,3.44184392,1.33196,67.383,0.425925299,87.8938,71.46136352
22,18.326,35.92,7.2671,10.801,815.7,480.281,0.26,2.80826,1.3773,56.578,0.365751244,89.0827,74.39865732
1,24.016,60.625,6.9766,29.961,695,353.8872,0.30786,9.22379346,0.74414,83.634,1,49.3007,33.83091452
4,59.161,62.773,8.7344,27.51,4911.2,373.5137,0.38242,10.5203742,0.94766,80.359,0.918193652,37.4141,33.06333978
7,58.106,61.406,8.8516,24.105,3938.2,376.1275,0.34988,8.4338574,1.10414,76.773,0.80454591,35.8784,37.27772615
10,45.728,51.836,8.2422,22.471,2386.1,427.3981,0.32981,7.41116051,1.19001,70.707,0.750008344,52.5818,45.44920305
13,36.951,41.094,7.7734,19.339,2015.4,724.1914,0.28731,5.55628809,1.30414,69.913,0.645472448,80.6194,59.70914675
16,30.406,36.406,7.0469,13.074,1413.1,874.5527,0.26226,3.42878724,1.35237,65.088,0.436367277,92.5491,72.6657473
19,27.292,34.844,6.8359,6.946,787.6,222.9891,0.25463,1.76865998,1.4194,57.936,0.231834718,86.6833,79.15671469
22,23.835,34.844,6.9297,4.63,1343.6,177.133,0.24327,1.1263401,1.41117,52.8,0.154534228,88.2153,82.93167087
1,23.158,62.383,7.2344,28.191,556,359.7326,0.32032,9.03014112,0.69237,84.254,1,46.8313,32.96026112
4,41.833,63.359,7.7031,28.327,2200.8,358.2093,0.35004,9.91558308,0.94763,77.258,1.004824235,43.5646,31.60661749
7,57.249,55.547,8.3359,29.825,5027,380.7599,0.2951,8.8013575,1.1559,75.689,1.057961761,41.4938,28.65284506
10,55.164,49.883,8.6172,27.782,2687.3,323.6826,0.28249,7.84813718,1.33116,69.932,0.985491824,41.3911,31.64929869
13,42.27,45.781,7.8906,25.603,1853.3,402.4424,0.24871,6.36772213,1.38881,71.463,0.908197652,60.8829,41.75620106
16,31.95,40.703,7.3984,20.428,1575.3,582.3329,0.24109,4.92498652,1.41353,66.793,0.724628428,84.026,57.59777984
19,29.18,37.969,7.3047,21.109,787.6,424.1274,0.19362,4.08712458,1.40525,55.611,0.748785073,85.4103,57.07496428
22,23.493,37.578,7.0938,20.019,810.8,310.8454,0.16109,3.22486071,1.38764,55.901,0.710120251,87.0895,59.28502559
1,23.844,59.063,7.0938,30.097,440.2,340.637,0.29665,8.92827505,0.7112,83.014,1,46.3335,32.78474834
4,45.779,61.406,7.7969,29.28,1853.3,361.8701,0.31641,9.2644848,0.99472,78.343,0.972854437,42.6241,32.61286512
7,56.219,53.789,8.4531,25.739,4471,391.4318,0.33993,8.74945827,1.0712,78.479,0.855201515,43.1519,37.72239946
10,50.188,50.664,8.5938,29.28,2223.9,356.3431,0.29494,8.6358432,1.27,73.653,0.972854437,40.8443,31.98534875
13,50.163,44.414,8.1719,28.599,903.5,357.8596,0.2649,7.5758751,1.37473,66.502,0.950227597,55.3976,38.06337584
16,34.524,41.094,7.8203,22.335,880.3,428.1493,0.25603,5.71843005,1.34295,59.196,0.742100542,75.5718,53.88586532
19,30.038,38.555,7.2109,16.751,718.1,262.1141,0.24342,4.07752842,1.40999,55.456,0.5565671,90.3549,66.8620982
22,23.492,33.672,6.9063,14.572,973,354.4825,0.20093,2.92795196,1.42531,54.041,0.484167857,95.2546,71.61932413
1,30.165,67.805,7.686,19.73577101,2299.7,44.32,2.46,32.71627219,2.6778,87.143,1,50.571,34.27879295
3,47.159,70.549,6.0235,19.73577101,3464.5,8.21,2.5422,32.71627219,4.1306,80.238,1,47.332,33.13679637
5,52.945,68.262,5.1546,19.73577101,6732.7,69.58,2.6297,32.71627219,4.9223,76.19,1,45.772,32.58677641
7,47.027,66.28,6.1686,19.73577101,8386.6,104.34,2.5009,32.71627219,4.4744,74.643,1,51.653,34.66028116
9,43.747,64.756,7.1305,19.73577101,11459.5,108.1,2.4051,32.71627219,3.3653,72.143,1,62.399,38.44907254
11,37.665,62.774,7.5743,19.73577101,13407,196.04,2.4001,32.71627219,3.0826,70.238,1,71.285,41.58207087
13,37.681,60.488,7.7454,19.73577101,13299.2,339.37,2.3863,32.71627219,2.0066,69.405,1,84.601,46.27698488
15,35.061,58.506,7.8917,19.73577101,12066,480.5,2.2866,32.71627219,2.0876,68.69,1,83.225,45.79183907
17,34.252,57.591,7.8148,19.73577101,11958.2,566.23,2.2388,32.71627219,1.9537,67.976,1,84.515,46.24666327
19,35.093,56.524,8.0851,19.73577101,12291,658.59,2.2,32.71627219,3.1586,68.095,1,89.692,48.07195389
21,34.45,55.762,7.9586,19.73577101,11449.5,638.02,2.1771,32.71627219,2.843,66.19,1,97.714,50.90032578
0,27.127,64.8892,6.2436,23.4545,494.97,400.4,1.8111,42.47844495,2.26279,68.6895,1,60.774,37.87613507
4,50.686,58.1953,8.0527,19.9713,1269.16,624.85,1.8141,36.22993533,2.91739,60.7333,0.851491185,58.75,43.37719611
9,33.562,54.08775,8.6699,18.0287,930.47,803.77,1.8448,33.25934576,2.64903,57.6838,0.768666994,68.2,50.17500754
15,27.348,50.6679,8.4028,16.823,779.53,1269.08,1.9354,32.5592342,2.32317,55.8743,0.71726108,80.197,56.55606568
21,23.945,49.3773,8.5716,16.1531,609.4,1522.71,1.9611,31.67784441,2.21527,54.9445,0.688699397,88.731,60.76018316
27,21.319,48.4825,8.3041,15.6507,477.66,1684.77,1.9211,30.06655977,2.11999,54.097,0.6672792,91.071,62.48158815
32,19.158,47.2609,8.2298,15.3158,434.38,1777.89,1.9285,29.5365203,1.98664,52.7924,0.65300049,87.401,61.78515482
0,27.127,64.037,6.4231,23.4545,494.97,400.4,1.8122,42.5042449,2.17307,68.5438,1,59.864,37.55529009
4,56.608,55.9498,8.2194,19.5694,1461,607.65,1.8008,35.24057552,3.28919,57.9452,0.834355881,53.647,42.29506054
9,36.992,50.17725,8.6891,16.555,972.63,712.22,1.9259,31.8832745,2.604165,55.2995,0.705834701,76.947,55.8883526
15,29.843,46.2543,8.3003,15.3493,714.28,1400.59,1.9182,29.44302726,1.91294,52.4258,0.654428788,88.033,61.94821319
21,27.375,45.3505,8.469,14.8804,521.2,1814.43,1.9534,29.06737336,1.80501,51.4232,0.634436888,81.989,60.65384322
27,23.657,44.3004,8.3041,14.6124,404.79,1987.97,1.9106,27.91845144,1.7482,50.2811,0.62301051,94.715,65.6188987
32,21.652,42.8459,8.063,14.4115,376.89,2029.59,1.8872,27.1973828,1.65973,48.4619,0.614444989,101.068,68.21726272
0,27.127,64.1145,6.3076,23.4545,494.97,400.4,1.812,42.499554,2.07692,68.5438,1,59.864,37.55529009
4,46.632,52.7755,8.322,20.2392,1180.92,670.6,1.7899,36.22614408,2.48788,60.9524,0.8629133,63.487,44.56936945
9,31.535,46.6536,8.75965,18.0957,861.37,900.96,1.8483,33.44628231,2.350975,58.12355,0.771523588,81.503,54.74579759
15,24.386,42.9244,8.5951,16.4545,737.33,1297.62,1.9454,32.0105843,2.21424,55.1396,0.701549809,86.029,59.26976671
21,22.228,41.8657,8.3153,15.6172,574.87,1579.88,1.9217,30.01157324,2.17042,54.2852,0.665850903,93.47,63.38719037
27,17.578,40.739,8.1118,15.2153,431.69,1770.62,1.937,29.4720361,2.13282,52.628,0.648715598,105.285,68.2699508
32,16.508,39.8272,8.0887,15.0813,384.55,1840.8,1.939,29.2426407,2.05073,50.8119,0.643002409,94.326,64.64514147
0,22.765,66.4665,6.5,24.1514,528.74,49.778,1.7792,42.97017088,2.01602,66.4828,1,55.792,36.11959695
4,56.538,54.9136,8.0674,21.0242,1472.3,65.699,1.7027,35.79790534,3.22426,58.062,0.870516823,52.407,40.34463133
9,33.795,49.489,8.0794,18.4408,965.43,90.934,1.8174,33.51430992,2.52403,54.6743,0.763549939,69.768,50.94198247
15,30.571,46.5205,8.4348,17.2501,710.93,137.514,1.8543,31.98686043,2.16018,51.7656,0.714248449,82.955,57.6545429
21,27.489,45.3667,8.2271,16.3924,503.21,175.342,1.8547,30.40298428,2.08467,50.6552,0.67873498,94.046,63.05111222
27,27.975,44.1423,8.1703,16.0502,435.34,194.571,1.8485,29.6687947,2.01602,50.0948,0.664566029,92.203,62.99424378
32,28.463,43.3738,8.3605,15.8,395,202.845,1.8453,29.15574,1.94737,49.3929,0.654206381,89.778,62.57276695
39,27.875,42.6051,8.1104,15.5167,381.31,210.053,1.8434,28.60348478,1.93364,48.8983,0.642476213,97.075,65.63639521
0,22.765,66.4665,6.3899,24.1514,528.74,49.782,1.7804,42.99915256,2.03661,66.4828,1,55.792,36.11959695
4,57.468,54.8464,7.9298,20.297,1686.08,63.51,1.7537,35.5948489,3.4508,57.5795,0.840406767,66.868,46.70326713
9,39.835,48.0885,8.5611,17.8046,1222.02,74.521,1.8269,32.52722374,2.79176,52.3981,0.737207781,75.477,54.05718932
15,33.978,44.7206,8.4623,16.5228,742.05,129.856,1.8433,30.45647724,2.2357,50.5934,0.684134253,94.371,62.93975531
21,31.98,43.5001,8.1858,15.726,499.28,186.281,1.8466,29.0396316,2.01602,49.4136,0.651142377,86.247,61.4560379
27,30.914,42.3416,8.0464,15.2018,431.45,218.64,1.8602,28.27838836,1.94737,48.6463,0.629437631,99.241,66.94570479
32,31.713,41.8403,7.9614,14.9213,379.39,226.365,1.8382,27.42833366,1.89245,48.0135,0.617823397,118.128,74.09084775
39,30.504,41.1384,7.904,14.7594,357.97,228.106,1.836,27.0982584,1.83753,47.7259,0.611119852,105.636,69.96698164
0,22.765,66.4665,6.3899,24.1514,528.74,49.782,1.7804,42.99915256,2.0778,66.4828,1,55.792,36.11959695
4,44.623,56.0469,7.7922,20.8726,1378.94,64.605,1.7118,35.72971668,3.08009,57.9929,0.864239754,75.24,48.65769739
9,33.948,50.5556,8.0519,18.4106,899.36,102.42,1.8239,33.57909334,2.92906,55.0188,0.762299494,82.137,55.35533377
15,29.797,47.4534,8.2559,17.5835,675.96,138.062,1.8374,32.3079229,2.65446,52.7311,0.728053032,86.759,58.41806243
21,28.727,46.3669,8.3784,16.8167,518.76,164.401,1.8542,31.18152514,2.52403,51.8963,0.69630332,95.57,62.85325376
27,27.818,45.3418,8.129,16.3836,454.81,183.081,1.8579,30.43909044,2.42105,51.681,0.678370612,90.49,61.81259654
32,28.773,44.7071,8.0165,16.2243,402.78,191.358,1.8574,30.13501482,2.34554,50.9793,0.671774721,103.286,66.60019007
39,28.646,44.672,7.9315,16.0015,389.11,198.563,1.8659,29.85719885,2.29062,50.5533,0.662549583,99.168,65.5343245
0,15.453,65.8464,6.3541,25.3008,478.6,40.304,1.909,48.2992272,2.5391,71.2157,1,51.92,34.75441919
4,59.942,53.9921,8.3609,19.8992,1878.32,54.663,1.8755,37.3209496,3.38415,63.2262,0.786504775,69.354,49.83542027
9,48.173,46.2136,8.5544,17.2284,1623.11,64.294,1.937,33.3714108,2.54243,57.2054,0.680942895,85.794,60.0492526
15,31.617,42.5078,8.3051,14.8497,889.11,151.631,1.981,29.4172557,2.05661,53.0108,0.586926105,102.447,69.85505425
21,27.27,41.1154,8.4979,14.6495,547.22,194.496,1.975,28.9327625,1.74734,51.7885,0.579013312,97.086,68.29601766
27,24.767,40.1826,8.3108,14.3521,398.8,224.312,1.9912,28.57790152,1.68262,51.2239,0.567258743,120.61,77.08193236
32,23.519,39.0922,8.2138,14.4454,372.73,237.51,1.9156,27.67160824,1.61861,50.159,0.570946373,127.15,79.23346831
39,22.255,38.3095,8.1929,14.2773,351.43,242.46,1.9339,27.61087047,1.60638,49.6016,0.564302315,117.962,76.27202694
0,15.453,65.0002,6.2907,25.3008,478.6,40.314,1.9046,48.18790368,2.5391,70.7071,1,51.92,34.75441919
4,37.382,59.5307,6.8513,23.2164,951.65,82.524,1.8091,42.00078924,2.97715,67.1561,0.917615253,58.244,40.43168571
9,22.992,56.675,7.9708,22.5292,793.14,101.642,1.804,40.6426768,2.81619,63.7542,0.890454057,68.016,45.01368695
15,15.7,54.4306,8.0387,22.2643,705.83,110.718,1.8177,40.46981811,2.693,62.8338,0.879984032,64.063,44.05809158
21,13.054,53.8079,8.2696,22.2595,684.71,117.419,1.8164,40.4321558,2.56126,62.6305,0.879794315,72.641,47.09043537
27,12.255,53.1058,8.2982,22.157,678.84,119.373,1.8144,40.2016608,2.39295,62.8669,0.87574306,68.688,45.86623253
32,12.083,52.0152,8.3026,22.0552,678.2,118.336,1.8131,39.98828312,2.43253,62.6013,0.871719471,75.435,48.41344474
39,11.284,51.5406,8.4084,22.0495,692.6,119.138,1.8118,39.9492841,2.36856,62.7001,0.871494182,78.569,49.52784847
0,15.453,65.6926,6.3667,25.3008,478.6,40.314,1.9039,48.17019312,2.5391,70.7071,1,51.92,34.75441919
4,48.972,60.2231,7.6885,22.1756,1160.39,62.364,1.8237,40.44164172,3.31758,65.3372,0.876478214,64.102,44.21855071
9,33.653,59.7519,7.9834,20.8382,991.72,98.688,1.7931,37.36497642,2.89761,61.7166,0.823618226,79.329,51.79928119
15,20.645,58.5848,7.1253,20.2154,919.68,85.823,1.7849,36.08246746,3.21102,58.6859,0.799002403,72.145,50.29647175
21,16.919,58.5003,7.1278,19.6578,837.43,75.324,1.8325,36.0229185,3.19019,57.027,0.776963574,76.882,52.8888916
27,14.573,57.8751,6.6237,19.0349,836.68,70.76,1.8182,34.60925518,3.07371,56.027,0.752343799,73.136,52.59840694
32,13.475,57.323,6.755,18.7056,830.96,72.095,1.8203,34.04980368,2.91352,55.4709,0.739328401,70.383,52.1724206
39,13.138,57.6943,6.5184,18.8952,835.17,69.931,1.8185,34.3609212,2.88656,54.8414,0.746822235,67.658,50.89805264
1,46.772,54.586,6.5217,30,358.2,129.68,1.186366667,35.591,4.3,61.358884,1,0.582,16.65382627
3,59.697,62.574,7.2867,30,339.6,169.54,0.882566667,26.477,2.9,45.646348,1,22.014,24.2102544
7,52.406,41.539,7.2504,30,339.6,164.75,0.7516,22.548,2.5667,38.872752,1,17.959,22.78055507
14,50.749,27.81,7.3655,27.799,414.2,165.01,0.750350732,20.859,3.2333,35.960916,0.926633333,31.693,30.69303511
21,26.722,24.601,7.7476,34.163,153,165.28,0.606299213,20.713,3.05,35.709212,1.138766667,70.507,35.5007709
35,24.568,26.17,7.783,20.766,41,230.44,0.96985457,20.14,3,34.72136,0.6922,88.268,60.45044964
49,29.207,34.752,7.4718,26.124,59.7,598.95,0.738248354,19.286,3.3,33.249064,0.8708,82.165,50.82476458
63,22.082,37.684,7.7958,23.445,41,992.3,0.726423544,17.031,2.9333,29.361444,0.7815,113.681,65.6735323
84,16.945,38.48,7.3399,21.435,59.7,1564.92,0.682481922,14.629,2.55,25.220396,0.7145,97.852,62.8963543
120,10.317,45.13,6.8543,17.751,3.7,1730.4,0.672300152,11.934,2.2,20.574216,0.5917,138.612,82.40622378
1,21.115,60.793,6.89037,23.892,519.56,15.2,1.8328,43.424,0.83716,75.4926801,1,50.157,34.13282612
5,56.334,59.984,6.38475,23.431,565.65,15.943,1.84333,42.515,1.20935,74.46139646,0.980704838,52.932,35.91867532
9,56.487,55.461,6.648,18.35,649.24,19.08,1.98251,34.962,1.28437,62.71749685,0.768039511,46.866,42.67939032
13,33.264,54.122,6.74144,15.047,464.97,23.125,2.17395,31.224,1.35232,56.39449782,0.629792399,69.734,56.52737213
17,25.236,53.314,6.84432,13.786,318.2,27.913,2.24478,29.658,1.22215,53.35182993,0.577013226,86.174,64.53239648
21,23.7,52.771,6.91417,12.703,292.87,28.903,2.26336,26.645,1.16509,49.56752063,0.531684246,88.748,67.33681991
1,21.246,49.584,6.51301,34.463,453.49,14.21,1.22174,41.187,0.85839,72.58871937,1,45.133,32.36147977
5,58.282,48.178,6.59702,34.357,467.43,15.118,1.21619,41.002,1.29662,72.03671907,0.996924238,44.09,32.12245408
9,47.267,45.712,6.5678,27.589,606.38,16.191,1.29507,34.896,1.24664,61.59797906,0.800539709,53.295,43.58606523
13,28.979,44.837,6.74145,23.486,447.11,19.163,1.38596,30.895,1.12826,56.11733191,0.681484491,68.127,53.79761224
17,23.418,44.028,6.68865,20.449,450.34,21.061,1.47292,28.737,1.17498,51.92643362,0.593360996,82.757,62.64353298
21,24.09,43.087,6.76794,20.609,421.43,22.795,1.45531,28.684,1.12263,51.70704205,0.598003656,85.532,63.42765159
1,22.414,55.885,6.71583,30.377,512.43,14.21,1.41069,42.569,0.83717,73.87776194,1,56.186,36.25851225
5,56.594,54.744,6.87531,29.649,528.15,15.2,1.41318,41.002,1.25417,72.23452047,0.9760345,52.53,35.97237996
9,48.176,50.487,6.80837,21.992,709.95,16.108,1.53223,32.199,1.38579,58.09328692,0.723968792,43.047,43.17713491
13,32.226,48.617,6.8971,18.778,456.04,21.061,1.63123,28.856,1.26977,52.80825248,0.618165059,71.141,57.51001934
17,23.288,47.941,6.91034,16.451,486.06,29.068,1.74224,26.369,1.31413,49.41258157,0.541561049,89.388,67.14915264
21,23.571,47.597,6.99908,15.279,410.73,34.186,1.78494,25.394,1.27829,47.0170974,0.502979228,90.556,69.1755033
1,22.154,60.594,6.43753,34.907,217.77,14.375,1.12928,38.358,0.86311,67.95969548,1,55.487,36.012061
5,59.191,61.311,6.11587,33.469,206.72,15.366,1.15185,37.647,0.98293,66.46238543,0.958804824,49.434,35.60181539
9,50.124,56.125,6.25177,29.543,304.6,18.172,1.12222,31.673,1.10513,57.15705717,0.846334546,42.58,37.89181848
13,30.797,55.449,6.33578,26.506,389.97,20.153,1.18095,29.514,1.15656,53.96509745,0.759331939,65.796,49.71805847
17,23.287,54.044,6.47638,23.913,332.49,20.979,1.23977,28.145,1.24337,51.1107729,0.685048844,74.98,56.06466357
21,23.701,53.566,6.40945,22.652,342.86,20.071,1.27438,26.908,1.27594,49.76714893,0.648924285,74.942,57.56297697
1,23.323,50.977,6.71585,29.222,317.78,15.035,1.43883,41.319,0.88669,72.48642521,1,48.671,33.60889684
5,58.023,50.102,7.21023,28.85,510.29,15.943,1.40916,40.015,1.38387,70.08795458,0.987269865,46.628,33.42130261
9,52.072,48.232,7.11027,21.104,679.6,15.2,1.56442,31.541,1.40701,56.91875593,0.722195606,41.778,42.80391768
13,26.121,45.699,6.86408,17.623,489.98,22.052,1.67143,28.001,1.16836,50.78147317,0.603073027,65.597,56.18689214
17,25.496,44.89,6.7877,15.563,280.71,31.132,1.74626,25.316,1.12073,46.85322451,0.532578195,88.813,67.32232816
21,23.96,44.347,6.82456,13.947,205.37,37.983,1.84124,23.092,1.15329,44.27193086,0.477277394,95.39,71.95540959
1,21.375,54.624,6.82433,25.491,403.5,17.182,1.7685,44.608,0.88669,77.71935695,1,48.871,33.67941222
5,62.828,53.75,7.34229,25.296,542.44,15.2,1.72675,42.976,1.33906,75.30409243,0.992350241,51.839,35.04598138
9,55.189,49.757,7.05838,16.662,743.88,19.163,2.04283,33.054,1.43531,58.68088009,0.653642462,56.814,50.97402044
13,28.589,48.02,6.96314,13.27,454.25,20.153,2.21817,28.067,1.35938,50.74613981,0.52057589,64.794,59.35604633
17,25.236,46.814,7.10846,11.565,241.42,34.104,2.26893,24.724,1.2646,45.23806248,0.453689537,61.348,60.94007225
21,24.61,45.342,7.05097,10.571,189.29,40.873,2.32766,22.236,1.20989,42.42021621,0.414695383,66.722,64.46661634
1,19.428,58.936,6.78186,29.488,207.07,17.017,1.39867,40.595,0.8584,71.10462318,1,43.458,31.77091346
5,48.672,59.786,6.01683,28.761,187.08,18.007,1.36894,38.568,1.04661,67.87747168,0.975345903,51.238,35.54566643
9,52.851,58.048,6.14328,24.391,268.87,15.118,1.37147,32.199,1.0721,57.6704287,0.827150027,53.606,42.5821496
13,28.199,56.245,6.38766,22.597,322.12,19.08,1.45028,31.093,1.06222,56.49888862,0.76631172,68.803,50.48617299
17,24.976,54.508,6.52356,22.048,293.2,17.182,1.34021,30.842,1.09479,50.94238994,0.747693977,63.552,49.41389192
21,23.441,54.031,6.43302,22.652,321.44,17.925,1.21412,29.802,1.20283,47.41387252,0.768176886,68.326,50.23994188
1,21.765,49.915,6.71111,23.27,303.49,16.274,1.83282,41.713,0.79706,73.52811969,1,51.477,34.59822763
5,56.204,50.168,7.37531,20.766,378.15,15.118,1.86344,37.252,1.20463,66.71224025,0.89239364,45.826,37.10883942
9,43.89,48.298,7.12442,18.972,433.16,14.953,1.84178,33.252,1.1971,60.24043928,0.815298668,60.221,45.41039189
13,26.252,45.765,7.10464,16.379,357.82,17.182,1.98902,31.093,1.23203,56.16474539,0.703867641,60.383,50.13058478
17,25.366,44.824,6.99997,14.852,280.7,16.108,2.09602,30.053,1.35422,53.6682735,0.63824667,71.371,56.75075305
21,23.441,44.612,6.91887,14.48,346.43,16.108,2.13871,29.473,1.34198,53.38972986,0.622260421,77.948,59.73863091
1,20.207,54.956,6.71112,33.486,167.77,15.035,1.16142,38.226,0.82065,67.04861865,1,48.269,33.46716093
5,53.347,55.806,6.05455,31.425,174.58,17.017,1.18401,36.463,1.00652,64.14575457,0.93845189,51.439,37.16044518
9,30.124,54.4,6.18573,33.096,220.67,16.274,1.0579,33.778,1.02258,60.36113348,0.988353342,56.612,36.89608994
13,24.953,53.061,6.32162,31.303,302.47,16.026,1.06841,32.343,1.05279,57.65821151,0.934808577,64.593,41.95070417
17,25.626,51.921,6.42922,32.53,330.7,15.118,0.98646,30.843,1.083,55.32237351,0.971450756,60.746,39.06096859
21,24.221,50.582,6.38586,32.602,342.86,14.953,0.96485,30.395,1.06131,54.23021244,0.973600908,66.922,41.1485057
0,20.59,55.3021,6.85301,25.2447,448.82,13.082,2.20347,55.611,0.90011,95.89911902,1,51.79,34.7085842
3,58.004,55.468,7.50988,30.9074,649.76,13.1,1.65047,51.099,1.41745,87.94423369,1.22431243,41.167,21.57631478
6,58.105,45.4325,7.17724,20.0214,644.08,12.072,1.95389,38.714,1.42347,67.44221324,0.793093204,27.557,34.8230563
9,45.395,44.8104,7.10613,14.8685,443.13,21.306,2.31763,34.344,1.33515,59.40849117,0.588975112,63.214,55.93665954
12,26.217,44.4372,7.0562,13.1434,240.28,36.336,2.52858,33.095,1.25814,57.29565455,0.520639976,93.751,69.56293381
15,25.324,44.3128,7.00392,12.3643,191,37.304,2.64715,32.411,1.20754,56.42679023,0.489778052,96.776,71.92096372
0,20.59,55.5095,6.8648,25.0675,418.48,12.131,2.24251,55.611,0.89822,96.91314189,1,50.937,34.4078361
3,60.119,56.1315,7.63003,31.0846,683.89,12.054,1.62917,50.46,1.47217,87.30697658,1.240035903,38.394,19.94063586
6,59.971,46.096,7.34216,17.7165,704.74,13.402,2.00715,35.807,1.49139,61.30487621,0.70675177,26.064,37.90980541
9,43.032,45.1836,7.0378,14.455,490.52,24.062,2.28563,32.855,1.34834,56.95885956,0.576643064,66.839,57.73081237
12,28.208,44.9348,6.99023,12.6117,244.08,37.381,2.4753,31.179,1.20719,53.8193855,0.503109604,95.883,71.04822457
15,24.826,44.6031,6.93325,12.0687,179.62,39.204,2.57254,30.709,1.17358,53.52539607,0.48144809,102.748,74.37513849
0,20.59,55.0948,6.83415,24.9492,433.65,13.081,2.25675,55.611,0.89633,97.06828064,1,51.364,34.55838644
3,60.118,54.1825,7.3379,30.8483,752.13,14.145,1.7287,53.226,1.33254,91.93653451,1.236444455,44.792,22.34671487
6,60.22,44.3543,7.06651,22.1493,628.91,12.833,1.85436,40.913,1.43855,70.80946573,0.887775961,33.315,32.89098671
9,33.206,43.2346,6.9789,16.5234,422.27,20.071,2.23942,36.897,1.36156,63.79288311,0.662281757,63.213,52.86862983
12,25.098,42.8199,7.01144,13.6753,280.09,32.156,2.47173,33.803,1.26568,58.27404334,0.548125792,93.324,68.2621793
15,23.831,42.032,7.06048,13.0143,230.81,35.119,2.4873,32.34,1.21321,55.8066875,0.521631956,96.99,70.6634188
0,17.09,61.869,7.0327,8.844,5554.0949,5645.0226,3.6189,32.0055516,7.1621,68.778,1,4.044,17.8744475
5,23.115,65.064,8.3647,9.9212,4831.2346,4253.8922,3.3257,32.99493484,7.8346,63.258,1.12180009,2.258,12.14775356
10,21.325,62.69,9.1681,13.7941,983.3837,3767.0438,2.3436,32.32785276,6.5604,59.729,1.5597128,26.201,2.264085693
15,22.797,64.158,8.9329,12.8847,816.2677,3719.3672,2.4524,31.59843828,6.8025,60.633,1.456886024,7.575,2.02E-10
20,18.094,62.285,8.4699,11.3285,1325.3161,619.0285,2.6951,30.53144035,3.766,57.738,1.280924921,23.563,13.00047732
25,19.449,61.693,8.7358,10.9273,4567.5219,646.7103,2.8421,31.05647933,3.9877,57.919,1.235560832,86.331,37.02938389
0,9.515,59.253,6.5316,8.7748,5478.7092,5771.8329,3.8295,33.6030966,8.0022,67.692,1,2.642,17.38013468
5,22.182,63.449,6.1414,8.512,5477.7609,3529.5202,4.0721,34.6617152,7.0969,70.86,0.970050599,1.79,18.33303744
10,21.558,55.396,8.339,8.8041,5304.0359,4048.8634,3.8651,34.02872691,6.8062,68.416,1.003339107,5.617,18.2893187
15,23.612,59.202,8.9602,10.4128,4385.5333,3641.0139,3.0935,32.2119968,6.5361,69.231,1.186670921,40.786,23.01717436
20,19.957,59.167,8.4152,10.4043,4574.4518,560.2669,3.3745,35.10931035,3.6635,60,1.185702238,6.721,11.04717891
25,18.284,61.136,8.8178,9.5412,6871.8708,1380.5863,3.4832,33.23390784,4.2131,60.814,1.087341022,161.175,69.62023208
0,13.478,57.75,5.6478,10.7384,5554.4655,5482.9643,3.5328,37.93661952,8.658,74.751,1,8.255,19.35914883
5,16.589,57.77,5.3396,11.6307,1001.1099,5602.3963,3.1727,36.90072189,9.105,70.769,1.083094316,20.97,20.36490045
10,15.149,50.273,5.3139,12.3157,850.3643,6048.2334,3.0613,37.70205241,10.8021,70.95,1.14688408,28.07,20.19877404
15,18.718,61.875,5.2518,11.8911,866.1584,3798.9982,2.95,35.078745,9.9582,73.032,1.107343738,33.77,23.86311457
20,18.56,58.499,7.0667,11.1206,3616.5497,6017.5597,3.5564,39.54930184,7.5774,61.991,1.035591895,25.434,23.92664661
25,25.275,58.853,8.5991,10.2804,5165.4949,357.9801,3.6364,37.38364656,6.7335,63.348,0.957349326,54.054,37.29162919
0,32.708,47.962,7.1637,34.009,865.93,277.3234,1.36632,46.236,1.716,79.561,1,26.009,25.61879912
3,39.242,46.549,7.0879,32.912,828.91,294.5084,0.97788,31.829,2.4514,54.868,0.967743833,47.534,34.5578469
7,52.309,45.755,7.5453,29.866,1004.88,57.1905,1.0627,31.548,1.3226,54.295,0.878179305,37.668,34.82734702
14,35.684,44.031,7.1788,25.568,1087.35,107.7176,1.24444,31.516,1.6338,51.722,0.751800994,38.117,40.27423134
21,33.311,44.167,7.3211,21.268,1424.34,240.9453,1.40906,29.86,1.8667,49.911,0.625363874,40.807,46.51370145
27,25.619,42.753,7.1485,16.83,1086.04,123.8251,1.72195,28.704,1.3295,50.132,0.494869005,50.224,55.29476177
34,23.004,40.874,8.2843,17.822,1049.04,326.4794,1.63003,28.547,1.5402,46.795,0.524037755,66.816,59.92408749
40,17.969,37.601,8.5235,19.093,638,717.2207,1.42973,26.515,1.5389,45.525,0.561410215,86.099,65.1588954
0,32.224,51.526,7.0669,34.148,897.1,252.2521,1.30931,45.109,1.6826,78.291,1,22.422,24.35410578
3,38.276,49.183,7.3787,34.304,912.02,177.1297,0.92087,31.579,1.8375,53.343,1.00456835,40.359,30.48710505
7,54,47.924,7.5453,30.562,952.96,195.6567,1.01708,30.923,1.6016,53.311,0.894986529,30.942,31.7525797
14,38.1,47.749,7.4696,22.782,1050.96,89.012,1.29575,29.767,1.4663,51.245,0.667154738,37.22,43.50017786
21,33.795,46.491,7.4665,21.825,1336.04,245.3573,1.37486,29.235,1.9226,50.705,0.639129671,43.946,47.04438042
27,26.343,44.457,7.0759,18.501,1086.02,189.3612,1.5509,28.203,1.0393,48.893,0.541788685,58.744,56.3352602
34,22.763,42.423,8.2116,17.404,981.49,415.7573,1.64712,27.798,1.6519,48.607,0.509663816,71.749,62.26485828
40,20.866,39.461,8.5235,19.093,773.06,682.5066,1.40694,25.641,1.1482,45.525,0.559124985,86.996,65.57078732
0,32.224,59.428,6.873,38.743,980.2,237.3189,1.18386,44.736,1.5151,77.781,1,30.493,27.19975394
3,39.242,57.549,7.3787,31.937,1005.52,207.147,1.01209,32.579,1.8375,55.631,0.824329556,42.152,38.66176256
7,53.275,55.36,7.5695,30.145,1020.48,218.4381,1.0684,31.797,1.5123,54.836,0.77807604,21.525,33.32473856
14,37.618,49.608,7.3969,20.972,1045.79,250.358,1.35276,28.391,1.6672,48.956,0.541310688,45.291,51.61204596
21,30.896,48.66,7.1031,21.825,1424.36,317.6327,1.28933,28.361,1.8667,49.434,0.563327569,56.502,54.643441
27,24.895,48.175,6.9304,18.362,971.74,50.401,1.5167,28.704,1.2402,49.402,0.47394368,72.197,63.91760008
34,22.038,45.367,8.3085,16.43,830.85,750.9532,1.63572,27.422,1.3505,47.335,0.424076607,84.753,70.43135254
40,21.591,41.01,8.6204,16.169,440.58,715.1232,1.57794,25.39,1.1481,42.982,0.417339907,90.583,72.76878787
0,32.224,49.047,5.7584,36.097,580.22,268.4386,1.26369,46.236,1.85,79.561,1,7.623,19.13632023
3,34.652,47.789,6.1672,35.836,688.63,415.0998,0.9722,34.203,2.6077,59.19,0.992769482,13.901,21.65237486
7,51.343,46.839,5.9219,33.904,786.69,300.9614,0.98286,33.297,1.97,56.869,0.939247029,24.664,27.68692435
14,41.241,45.426,6.4277,23.339,853.58,278.1277,1.33566,30.89,1.8123,53.535,0.646563426,31.839,42.46465011
21,37.418,44.166,6.7881,25.863,878.92,288.1384,1.18671,30.484,2.0342,52.485,0.716486135,40.359,42.5425364
27,30.691,43.683,6.7366,19.058,769.13,165.9141,1.49388,28.454,1.162,48.894,0.527966313,56.502,56.12321021
34,24.454,43.043,8.0904,19.215,628.26,339.8454,1.49886,28.423,0.9598,49.116,0.532315705,68.61,60.21020149
40,22.799,38.84,8.572,17.561,554.88,615.8247,1.56658,26.641,1.0365,46.033,0.486494723,81.166,66.55463644
0,32.224,51.061,8.133,39.718,756.83,481.7836,1.10405,43.986,1.7719,77.274,1,18.386,22.93110541
3,45.522,49.957,8.6386,35.418,875.66,253.3596,0.88666,30.954,2.563,53.597,0.891736744,38.117,34.41831334
7,56.898,48.544,8.5871,32.512,880.2,146.8927,0.92584,30.423,1.97,52.295,0.818570925,35.874,36.68926732
14,36.893,47.285,8.0268,28.213,952.28,296.189,1.08479,29.892,2.4262,52.008,0.710332847,43.498,43.90677311
21,33.313,46.801,7.8784,27.255,1039.94,403.5423,1.08409,28.86,2.503,50.45,0.6862128,56.054,49.34308485
27,27.792,45.697,7.8269,21.008,857.46,419.3766,1.37415,28.077,2.0663,48.894,0.528928949,64.574,58.92892734
34,24.211,43.663,8.9384,19.911,763.33,236.821,1.36773,26.547,2.0649,46.065,0.50130923,78.027,64.82795203
40,23.04,40.235,9.3715,20.067,721.11,343.9228,1.35561,26.39,1.9072,46.542,0.50523692,84.305,66.87706701
0,16.4,54.5298,6.61,18.06635071,643.573727,124.8904819,2.11,38.12,1.45,89.55462185,1,57.0511,36.56352653
2,47.2,61.8635,7.38,17.40825688,901.4764338,39,2.18,37.95,1.999333333,87.70876505,0.963573505,36.5885,30.87323291
5,47.3,48.913,7.44,15.82627119,1088,0,2.36,37.35,2.053333333,84.62445963,0.87600819,83.1622,50.95840614
10,25.9,46.1088,7.24,15.09465021,338.3494227,0,2.43,36.68,1.68,83.60250967,0.835511856,92.44444,55.92576738
15,21.5,45.0222,7.49,13.57089552,160.8934318,0,2.68,36.37,1.964666667,80.47787744,0.751169715,85.33333333,56.94803704
20,21.4,40.6778,7.48,12.61188811,118.3039939,0,2.86,36.07,1.693,79.29386371,0.698087196,134.7232202,76.58312456
27,24.7,40.6091,7.78,11.90397351,119,0,3.02,35.95,1.8364,75.46715328,0.658903046,99.3718009,65.75877733
0,15.8,54.8323,6.53,18.45933014,619.9129283,119.474313,2.09,38.58,1.415333333,89.05521156,1,60.8133,37.88999134
2,53.9,61.2579,7.73,17.63255814,925.1372326,25,2.15,37.91,1.917,87.46996224,0.955211159,29.1981,28.61748928
5,17.3,47.9296,7.76,17.21559633,1095.494984,0,2.18,37.53,2.156666667,83.42408712,0.932623026,82.8132,48.46618499
10,22.3,47.3788,7.44,16.76470588,1128.620102,0,2.21,37.05,1.629,82.02894356,0.908196871,82.88888889,49.51503708
15,43,43.9045,7.65,14.17254902,300.4921446,0,2.55,36.14,1.977,80.86075552,0.767771577,94.66666667,59.5440135
20,26.3,43.006,7.79,12.46527778,229.5097482,0,2.88,35.9,1.805666667,77.19255066,0.675283322,130.5136736,76.05321376
27,25.1,43.0497,7.83,11.41853035,206,0,3.13,35.74,1.8938,73.85396742,0.61857772,167.364703,91.41900561
0,15.7,58.4867,6.75,18.45933014,627.0111679,194.1457587,2.09,38.58,1.477666667,88.94,1,54.1098,35.52649209
2,51.8,60.6648,7.63,17.63255814,960.6284308,19,2.15,37.91,1.858,87.02365774,0.955211159,25.1604,27.19388953
5,17.8,45.3368,7.8,17.21559633,979.5570698,0,2.18,37.53,1.740666667,85.82848837,0.932623026,91.9924,51.70255887
10,24.5,48.1935,7.39,16.76470588,948.7980314,0,2.21,37.05,1.453666667,83.12251536,0.908196871,80.88889,48.80988367
15,35.7,44.1319,7.55,14.17254902,305.2243044,0,2.55,36.14,1.838666667,78.51369185,0.767771577,122.8888889,69.49451714
20,21.3,42.032,7.8,12.46527778,194.0185501,0,2.88,35.9,1.696,77.22829371,0.675283322,131.3367328,76.34340542
27,23,42.7464,8.03,11.41853035,216,0,3.13,35.74,2.0288,75.77208175,0.61857772,122.5590677,75.62157359
0,16.1,54.9198,6.66,18.46411483,797.3689192,119.8484667,2.09,38.59,1.511333333,88.78,1.000259202,58.0568,36.90726626
2,55.1,48.6198,7.64,16.9380531,1048.173386,0,2.26,38.28,1.836,86.79582712,0.917587635,73.4468,45.79299755
5,17.9,45.0425,7.59,15.60995851,1216.165058,0,2.41,37.62,1.987,85.71243187,0.845640572,89.6315,54.51013137
10,40.4,45.1756,7.3,14.4921875,1026.878667,0,2.56,37.1,1.640333333,83.79208247,0.7850874,121.5555556,68.29979609
15,36.7,43.3258,7.61,13.20143885,343.0815824,0,2.78,36.7,1.764333333,78.07004245,0.715163484,101.1111111,64.01767668
20,22.3,43.5203,7.59,12.29391892,286.2956653,0,2.96,36.39,1.877333333,77.29887381,0.666000273,107.2328561,68.2334048
27,24.6,44.0166,7.84,11.9269103,299,0,3.01,35.9,1.9344,76.86295341,0.646118261,126.6433357,75.90909785
0,16.4,58.4189,6.4,35.71875,388.0371001,59.60573477,1.6,57.15,1.102,89.77,1,34.3277,28.55178058
2,58.6,58.6796,7.76,32.44970414,579.6895703,16,1.69,54.84,1.560333333,87.56662448,0.908478156,34.5094,32.44577585
5,22.2,57.0309,7.62,26.43243243,603.3503691,0,1.85,48.9,1.349666667,86.98884758,0.740015606,67.2833,51.05078037
10,30.4,48.8505,7.19,19.53181818,232,0,2.2,42.97,1.494,81.980612,0.546822556,125.3333333,79.60246758
15,33.9,40.8549,7.5,15.088,148,0,2.5,37.72,1.671666667,78.84199643,0.422411199,121.7777778,83.55512661
20,25.6,41.1559,7.36,14.17358491,59.15199697,0,2.65,37.56,1.172666667,77.95597023,0.396810776,165.3875412,100.0022276
27,27.2,40.5338,7.74,12.60958904,54,0,2.92,36.82,1.7788,77.53785754,0.353024365,144.5693692,94.49455931
0,14,56.1173,6.51,33.67836257,418,64.71525289,1.71,57.59,1.187333333,89.45495714,1,44.0898,31.99367155
2,55.2,58.5424,7.83,30.40106952,674.3327655,1,1.87,56.85,1.670666667,87.51491647,0.902688468,42.0683,35.35315156
5,31.2,58.9828,7.33,28.03703704,548.9305319,0,1.89,52.99,1.771333333,86.52228108,0.832494067,60.7063,44.86191831
10,23.2,48.4975,7.22,20.89908257,267.3670263,0,2.18,45.56,1.448,82.4704142,0.620549248,114.2222222,72.59969154
15,22.2,47.1163,7.27,17.11297071,106.4735945,0,2.39,40.9,1.747666667,81.07031778,0.508129535,64.66666667,59.83199651
20,23.4,40.2084,7.42,14.22932331,82.81279576,0,2.66,37.85,1.535,79.76575572,0.422506388,151.7830351,94.13030387
27,24,39.7129,7.75,13.29577465,75,0,2.84,37.76,1.6844,78.02208614,0.394786849,106.5292432,79.33484696
0,14.8,55.4899,6.64,33.67836257,389,64.71525289,1.71,57.59,1.217333333,89.57,1,46.1073,32.70499544
2,48,58.9822,7.76,30.40106952,799,14,1.87,56.85,1.723333333,88.08697241,0.902688468,33.7005,32.40285857
5,44.9,57.9922,7.34,28.03703704,525.2697331,0,1.89,52.99,1.630666667,86.7610757,0.832494067,58.5517,44.10225612
10,22.3,47.1486,7.2,20.89908257,132.5004732,0,2.18,45.56,1.203,83.48798211,0.620549248,88.22222222,63.43269212
15,21.2,45.1087,7.36,17.11297071,92.27711528,0,2.39,40.9,1.508333333,79.45849978,0.508129535,80.66666667,65.47322692
20,22.3,40.2109,7.45,14.22932331,73.34847624,0,2.66,37.85,1.407,79.18003731,0.422506388,158.9778044,96.6670133
27,25.9,40.352,7.83,13.29577465,69,0,2.84,37.76,1.7323,78.27022796,0.394786849,138.2216884,90.50887105
0,14.6,55.4687,6.63,35.65454545,350.1798221,49.78096376,1.65,58.83,1.152,89.13591496,1,39.5102,30.37901037
2,59.4,57.9158,7.74,33.07142857,812,2,1.68,55.56,1.645,87.35490245,0.927551541,26.27,28.74258617
5,40.8,56.8008,7.32,26.21538462,522.9036532,0,1.95,51.12,1.514333333,86.82051282,0.73526066,73.3899,53.40280761
10,17.6,45.5358,7.23,17.7519685,179.8220708,0,2.54,45.09,1.387,84.90759754,0.497887949,148.2222222,89.72033692
15,20.2,40.388,7.42,14.92424242,146.6969525,0,2.64,39.4,1.519,83.511977,0.418578956,118.2222222,82.46188843
20,20.7,40.3495,7.53,13.86545455,108.8396744,0,2.75,38.13,1.631666667,81.73281583,0.388883223,119.6669291,84.21394172
27,24.1,40.4336,7.83,13.26923077,98,0,2.86,37.95,1.7271,78.10617993,0.372160985,130.6194955,88.77534229
